Title,Media URL,Pin URL,Description,Board,Publish date
BeforeAfter for RenterFriendly: renter-safe update under $75,https://drive.google.com/mock/PIN-001.png,https://projectpint.example.com/start-here?utm_source=pinterest&utm_medium=organic&utm_campaign=week1_growth&utm_content=pin-001_beforeafter_inspire,Try this RenterFriendly fix in a small bathroom for under $75.,Project Pint RenterFriendly,2026-02-16T00:00:00.000Z
Checklist for BudgetDIY: renter-safe update under $150,https://drive.google.com/mock/PIN-002.png,https://projectpint.example.com/hub/renter-friendly-upgrades?utm_source=pinterest&utm_medium=organic&utm_campaign=week1_growth&utm_content=pin-002_checklist_teach,Try this BudgetDIY fix in a small bathroom for under $150.,Project Pint BudgetDIY,2026-02-16T03:00:00.000Z
MistakesToAvoid for SmallSpace: renter-safe update under $225,https://drive.google.com/mock/PIN-003.png,https://projectpint.example.com/hub/budget-diy-transformations?utm_source=pinterest&utm_medium=organic&utm_campaign=week1_growth&utm_content=pin-003_mistakestoavoid_solve,Try this SmallSpace fix in a small bathroom for under $225.,Project Pint SmallSpace,2026-02-16T06:00:00.000Z
QuickWin for StorageOrganization: renter-safe update under $300,https://drive.google.com/mock/PIN-004.png,https://projectpint.example.com/hub/small-bathroom-space-hacks?utm_source=pinterest&utm_medium=organic&utm_campaign=week1_growth&utm_content=pin-004_quickwin_shop,Try this StorageOrganization fix in a small bathroom for under $300.,Project Pint StorageOrganization,2026-02-16T09:00:00.000Z
BudgetBreakdown for Styling: renter-safe update under $75,https://drive.google.com/mock/PIN-005.png,https://projectpint.example.com/hub/storage-and-clutter-to-calm?utm_source=pinterest&utm_medium=organic&utm_campaign=week1_growth&utm_content=pin-005_budgetbreakdown_subscribe,Try this Styling fix in a small bathroom for under $75.,Project Pint Styling,2026-02-16T23:00:00.000Z
StepByStepHowTo for PlantsBiophilic: renter-safe update under $150,https://drive.google.com/mock/PIN-006.png,https://projectpint.example.com/hub/styling-mirrors-lighting-color?utm_source=pinterest&utm_medium=organic&utm_campaign=week1_growth&utm_content=pin-006_stepbystephowto_inspire,Try this PlantsBiophilic fix in a small bathroom for under $150.,Project Pint PlantsBiophilic,2026-02-17T02:00:00.000Z
ProductRoundup for RenterFriendly: renter-safe update under $225,https://drive.google.com/mock/PIN-007.png,https://projectpint.example.com/hub/bathroom-plants-biophilic-vibe?utm_source=pinterest&utm_medium=organic&utm_campaign=week1_growth&utm_content=pin-007_productroundup_teach,Try this RenterFriendly fix in a small bathroom for under $225.,Project Pint RenterFriendly,2026-02-17T05:00:00.000Z
PlantPicker for BudgetDIY: renter-safe update under $300,https://drive.google.com/mock/PIN-008.png,https://projectpint.example.com/lead-magnets/plant-picker?utm_source=pinterest&utm_medium=organic&utm_campaign=week1_growth&utm_content=pin-008_plantpicker_solve,Try this BudgetDIY fix in a small bathroom for under $300.,Project Pint BudgetDIY,2026-02-17T08:00:00.000Z
RenterHack for SmallSpace: renter-safe update under $75,https://drive.google.com/mock/PIN-009.png,https://projectpint.example.com/products/renter-bathroom-upgrade-blueprint?utm_source=pinterest&utm_medium=organic&utm_campaign=week1_growth&utm_content=pin-009_renterhack_shop,Try this SmallSpace fix in a small bathroom for under $75.,Project Pint SmallSpace,2026-02-17T22:00:00.000Z
SmallSpaceTrick for StorageOrganization: renter-safe update under $150,https://drive.google.com/mock/PIN-010.png,https://projectpint.example.com/products/bathroom-plant-picks-upgrade?utm_source=pinterest&utm_medium=organic&utm_campaign=week1_growth&utm_content=pin-010_smallspacetrick_subscribe,Try this StorageOrganization fix in a small bathroom for under $150.,Project Pint StorageOrganization,2026-02-18T01:00:00.000Z
StylingFormula for Styling: renter-safe update under $225,https://drive.google.com/mock/PIN-011.png,https://projectpint.example.com/blog/no-drill-towel-storage-renters?utm_source=pinterest&utm_medium=organic&utm_campaign=week1_growth&utm_content=pin-011_stylingformula_inspire,Try this Styling fix in a small bathroom for under $225.,Project Pint Styling,2026-02-18T04:00:00.000Z
MythBuster for PlantsBiophilic: renter-safe update under $300,https://drive.google.com/mock/PIN-012.png,https://projectpint.example.com/blog/15-dollar-bathroom-upgrades?utm_source=pinterest&utm_medium=organic&utm_campaign=week1_growth&utm_content=pin-012_mythbuster_teach,Try this PlantsBiophilic fix in a small bathroom for under $300.,Project Pint PlantsBiophilic,2026-02-18T07:00:00.000Z
BeforeAfter for RenterFriendly: renter-safe update under $75,https://drive.google.com/mock/PIN-013.png,https://projectpint.example.com/blog/tiny-bathroom-layout-fixes?utm_source=pinterest&utm_medium=organic&utm_campaign=week1_growth&utm_content=pin-013_beforeafter_solve,Try this RenterFriendly fix in a small bathroom for under $75.,Project Pint RenterFriendly,2026-02-18T21:00:00.000Z
Checklist for BudgetDIY: renter-safe update under $150,https://drive.google.com/mock/PIN-014.png,https://projectpint.example.com/blog/clutter-to-calm-bathroom-zones?utm_source=pinterest&utm_medium=organic&utm_campaign=week1_growth&utm_content=pin-014_checklist_shop,Try this BudgetDIY fix in a small bathroom for under $150.,Project Pint BudgetDIY,2026-02-19T00:00:00.000Z
MistakesToAvoid for SmallSpace: renter-safe update under $225,https://drive.google.com/mock/PIN-015.png,https://projectpint.example.com/blog/budget-maximalist-bathroom-color-map?utm_source=pinterest&utm_medium=organic&utm_campaign=week1_growth&utm_content=pin-015_mistakestoavoid_subscribe,Try this SmallSpace fix in a small bathroom for under $225.,Project Pint SmallSpace,2026-02-19T03:00:00.000Z
QuickWin for StorageOrganization: renter-safe update under $300,https://drive.google.com/mock/PIN-016.png,https://projectpint.example.com/blog/humidity-friendly-bathroom-plants?utm_source=pinterest&utm_medium=organic&utm_campaign=week1_growth&utm_content=pin-016_quickwin_inspire,Try this StorageOrganization fix in a small bathroom for under $300.,Project Pint StorageOrganization,2026-02-19T06:00:00.000Z
BudgetBreakdown for Styling: renter-safe update under $75,https://drive.google.com/mock/PIN-017.png,https://projectpint.example.com/micro/no-drill-art-layout-guide?utm_source=pinterest&utm_medium=organic&utm_campaign=week1_growth&utm_content=pin-017_budgetbreakdown_teach,Try this Styling fix in a small bathroom for under $75.,Project Pint Styling,2026-02-19T20:00:00.000Z
StepByStepHowTo for PlantsBiophilic: renter-safe update under $150,https://drive.google.com/mock/PIN-018.png,https://projectpint.example.com/micro/under-75-color-refresh-plan?utm_source=pinterest&utm_medium=organic&utm_campaign=week1_growth&utm_content=pin-018_stepbystephowto_solve,Try this PlantsBiophilic fix in a small bathroom for under $150.,Project Pint PlantsBiophilic,2026-02-19T23:00:00.000Z
ProductRoundup for RenterFriendly: renter-safe update under $225,https://drive.google.com/mock/PIN-019.png,https://projectpint.example.com/micro/tiny-vanity-top-organization-map?utm_source=pinterest&utm_medium=organic&utm_campaign=week1_growth&utm_content=pin-019_productroundup_shop,Try this RenterFriendly fix in a small bathroom for under $225.,Project Pint RenterFriendly,2026-02-20T02:00:00.000Z
PlantPicker for BudgetDIY: renter-safe update under $300,https://drive.google.com/mock/PIN-020.png,https://projectpint.example.com/micro/removable-lighting-upgrade-checklist?utm_source=pinterest&utm_medium=organic&utm_campaign=week1_growth&utm_content=pin-020_plantpicker_subscribe,Try this BudgetDIY fix in a small bathroom for under $300.,Project Pint BudgetDIY,2026-02-20T05:00:00.000Z
RenterHack for SmallSpace: renter-safe update under $75,https://drive.google.com/mock/PIN-021.png,https://projectpint.example.com/micro/peel-stick-backsplash-cut-plan?utm_source=pinterest&utm_medium=organic&utm_campaign=week1_growth&utm_content=pin-021_renterhack_inspire,Try this SmallSpace fix in a small bathroom for under $75.,Project Pint SmallSpace,2026-02-20T19:00:00.000Z
SmallSpaceTrick for StorageOrganization: renter-safe update under $150,https://drive.google.com/mock/PIN-022.png,https://projectpint.example.com/micro/renter-mirror-placement-map?utm_source=pinterest&utm_medium=organic&utm_campaign=week1_growth&utm_content=pin-022_smallspacetrick_teach,Try this StorageOrganization fix in a small bathroom for under $150.,Project Pint StorageOrganization,2026-02-20T22:00:00.000Z
StylingFormula for Styling: renter-safe update under $225,https://drive.google.com/mock/PIN-023.png,https://projectpint.example.com/micro/mini-bath-plant-shelf-layout?utm_source=pinterest&utm_medium=organic&utm_campaign=week1_growth&utm_content=pin-023_stylingformula_solve,Try this Styling fix in a small bathroom for under $225.,Project Pint Styling,2026-02-21T01:00:00.000Z
MythBuster for PlantsBiophilic: renter-safe update under $300,https://drive.google.com/mock/PIN-024.png,https://projectpint.example.com/micro/under-sink-bin-label-system?utm_source=pinterest&utm_medium=organic&utm_campaign=week1_growth&utm_content=pin-024_mythbuster_shop,Try this PlantsBiophilic fix in a small bathroom for under $300.,Project Pint PlantsBiophilic,2026-02-21T04:00:00.000Z
BeforeAfter for RenterFriendly: renter-safe update under $75,https://drive.google.com/mock/PIN-025.png,https://projectpint.example.com/micro/one-hour-bathroom-reset?utm_source=pinterest&utm_medium=organic&utm_campaign=week1_growth&utm_content=pin-025_beforeafter_subscribe,Try this RenterFriendly fix in a small bathroom for under $75.,Project Pint RenterFriendly,2026-02-21T18:00:00.000Z